word,meaning,example,example_zh
abandon,放弃;抛弃;遗弃,"He abandoned his car in the snow.",他把车丢在了雪地里。
absorb,吸收;使全神贯注,"Plants absorb water through their roots.",植物通过根部吸收水分。
abstract,抽象的;摘要,"The concept is too abstract for beginners.",这个概念对初学者来说太抽象了。
accurate,准确的;精确的,"Please give me an accurate number.",请给我一个准确数字。
achieve,实现;达到;完成,"She achieved her goal after years of effort.",她经过多年努力实现了目标。
acquire,获得;取得;学到,"Children acquire language very quickly.",孩子们学语言非常快。
adapt,适应;改编,"It took him a while to adapt to the new job.",他花了一段时间才适应新工作。
adequate,足够的;适当的,"The room is adequate for two people.",这个房间住两个人足够了。
adjust,调整;适应,"You can adjust the volume with this button.",你可以用这个按钮调节音量。
admire,钦佩;欣赏,"I admire her courage and honesty.",我钦佩她的勇气和诚实。
adopt,采用;收养,"The company adopted a new policy last month.",公司上月采用了一项新政策。
advance,前进;进步;提前,"Technology advances at a rapid pace.",技术飞速进步。
affect,影响;感染,"The weather can affect your mood.",天气会影响你的心情。
afford,买得起;承担得起,"I can't afford a new computer right now.",我现在买不起新电脑。
aggressive,好斗的;有进取心的,"He was too aggressive in the meeting.",他在会上太咄咄逼人了。
alternative,替代的;选择,"We need an alternative plan.",我们需要一个替代方案。
ambitious,有雄心的;野心勃勃的,"She is ambitious and works very hard.",她雄心勃勃且工作非常努力。
analyze,分析,"Let's analyze the data carefully.",让我们仔细分析这些数据。
anxiety,焦虑;担心,"Exams often cause anxiety in students.",考试常让学生焦虑。
appreciate,感激;欣赏;理解,"I really appreciate your help.",我非常感激你的帮助。
approach,接近;方法;途径,"We need a new approach to this problem.",我们需要用新方法解决这个问题。
appropriate,适当的;合适的,"Wear appropriate clothes for the interview.",面试时穿合适的衣服。
approve,批准;赞成,"The committee approved the budget.",委员会批准了预算。
argue,争论;主张,"They often argue about money.",他们常为钱争吵。
assess,评估;评定,"Teachers assess students' progress every term.",老师每学期评估学生的进步。
